Dinucélotide ratio;;;;;
dinu;Entomoplasma melaleucae;Entomoplasma_somnilux;Mesoplasma_chauliocola;Mesoplasma_coleopterae;Mesoplasma_florum_W37
AA;1.17975460702324,;1.2264109022582224,;1.1823777080996543,;1.1754973371826,;1.1720543818138938,
AC; 0.8716905064115082,; 0.8344550320522941,; 0.8430726317444566,; 0.8519196785859708,; 0.854339509656954,
AG; 0.9939018130748447,; 0.9029876783155305,; 1.0152916636697116,; 1.0093333442807353,; 1.0031778966014957,
AT; 0.8794243222299089,; 0.8739292936616035,; 0.8715119393475473,; 0.8792393187077859,; 0.8831543601998175,
CA; 1.2083260952996546,; 1.1470611990016526,; 1.176833138974801,; 1.1883937063726202,; 1.1783887325315483,
CC; 0.9954406893381869,; 1.1018967044695083,; 1.0639623712240267,; 1.0413835339226754,; 1.0492244562987278,
CG; 0.448597972112298,; 0.7526934701445153,; 0.43407519257703087,; 0.45570336976860815,; 0.44516936720309724,
CT; 0.9906003509922279,; 0.9085052889897589,; 1.0091613684529215,; 0.999328192081412,; 1.0073582725787817,
GA; 0.9897494928362436,; 1.0035336940482045,; 0.9959324295191725,; 1.0078972619415398,; 1.0037374637521583,
GC; 1.3123840692194322,; 1.2991281803624533,; 1.3568229109626546,; 1.277275412124792,; 1.2805055319989247,
GG; 1.0135800744596213,; 1.1257732274462569,; 1.064490419420184,; 1.0467126512289922,; 1.0600801517719827,
GT; 0.8898426648587869,; 0.82992310024091,; 0.8468844782631831,; 0.8697353481008794,; 0.8701167272304369,
TA; 0.7569901349426801,; 0.7118948182282321,; 0.7546219269741544,; 0.7537094135105783,; 0.7635146769279142,
TC; 1.0157601110397676,; 1.0107586251045255,; 0.9999298573298089,; 1.0288587879309068,; 1.0237553798418577,
TG; 1.2020790912898083,; 1.1458734886980901,; 1.1709335381161468,; 1.1779028302861065,; 1.1806112833762237,
TT; 1.1553290735949024]; 1.2292123790584426; 1.1815240637508055; 1.1677240723916993; 1.1596049619549411
;;;;;